<?xml version="1.0" encoding="utf-8"?>
<!DOCTYPE hibernate-configuration PUBLIC
		"-//Hibernate/Hibernate Configuration DTD 3.0//EN"
		"http://hibernate.sourceforge.net/hibernate-configuration-3.0.dtd">

<hibernate-configuration>
	<session-factory name="java:hibernate/SessionFactory">
	    <property name="hibernate.dialect">org.hibernate.dialect.MySQLDialect</property>
		<property name="hibernate.connection.driver_class">com.mysql.jdbc.Driver</property>
		<property name="hibernate.connection.url">jdbc:mysql://127.0.0.1:3306/j2io</property>
		<property name="hibernate.connection.username">root</property>
		<property name="hibernate.connection.password">root</property>
		<property name="hibernate.hbm2ddl.auto">validate</property>
		<property name="hibernate.connection.pool_size">1</property>
		<property name="show_sql">true</property>
		
		<mapping package="com.j2io.entity"/>
		<mapping class="com.j2io.entity.Category"/>
		<mapping class="com.j2io.entity.DealMaster"/>
		<mapping class="com.j2io.entity.KeyParameter"/>
		<mapping class="com.j2io.entity.DealReport"/>
	</session-factory>
</hibernate-configuration>